sample_id	NE10	NE_score	NonNE_score	NE50	Type	ASCL1	NEUROD1	POU2F3	YAP1	Subtype	ATAC_Id	generation	rank3
Sample_12_279204_P1	0.523308683	0.412161326	-0.316672648	0.728833974	NE	0.566371117	-0.656246843	-0.458716085	-0.263645362	ASCL1	2792040	P1	cluster1
Sample_2_329883_P3	0.042262577	0.215830989	0.122135158	0.093695831	NE	-0.593213196	-0.398923119	-0.455559412	-0.68418062	ASCL1	m329883_S194	P1	cluster1
Sample_15_357484_P1	0.024696568	-0.038786951	0.303451925	-0.342238877	Non-NE	-1.551472752	-0.656246843	-0.477615711	3.709770485	YAP1	m357484_S37	P3	cluster1
Sample_16_364088_P3	0.02814538	-0.189236659	0.14596873	-0.335205388	Non-NE	-1.551472752	-0.656246843	-0.340911433	0.435359909	YAP1	m364088_S38	P3	cluster1
Sample_3_279202_P3	0.031393846	0.042671036	-0.150395892	0.193066927	Non-NE	-1.093521885	-0.318787043	-0.399175832	0.349903473	YAP1	2792020	P1	cluster2
Sample_4_278106_P2	0.260507136	0.332836991	-0.356558012	0.689395002	NE	0.887508747	-0.537422113	-0.491549135	-0.349840933	ASCL1	278106	P2	cluster2
Sample_6_270502_P1	-0.16434347	-0.133405753	-0.089775276	-0.043630477	Non-NE	-1.551472752	-0.656246843	2.964966905	0.919672397	POU2F3	2705020	P1	cluster2
Sample_13_281163_P1	-0.109210479	-0.146860876	-0.015937214	-0.130923661	Non-NE	-1.522644375	-0.642924762	1.765757578	-0.205323224	POU2F3	2811630	P1	cluster2
Sample_4_304938_P3	-0.1282606	-0.1587675	0.138029034	-0.296796535	Non-NE	-1.505510931	-0.656246843	1.834355065	1.727091323	POU2F3	3049380	P3	cluster2
Sample_1_270501_1_P1	0.116018892	0.145328913	0.061023453	0.084305459	Non-NE	-0.345511505	-0.348725003	-0.362021455	3.217419205	YAP1	281163	P1	cluster3
Sample_5_281161_P3	0.290463248	0.396337034	-0.442845577	0.839182611	NE	0.914636608	-0.638801929	-0.492236856	-0.303468971	ASCL1	2811610	P3	cluster3
Sample_7_278102_P3	-0.116515899	-0.023940562	-0.144395916	0.120455354	Non-NE	-1.551472752	-0.267281112	2.949117037	0.590917406	POU2F3	2781020	P3	cluster3
Sample_8_278108_P1	0.321994755	0.336905951	-0.384670781	0.721576731	NE	0.456596819	0.336905705	-0.47089552	-0.333225207	ASCL1	2781080	P1	cluster3
Sample_1_301350_P3	0.381656814	0.370151744	-0.344004996	0.714156741	NE	0.747512171	0.831432212	-0.459724392	0.066805062	NEUROD1	3013500	P3	cluster3
Sample_9_278109_P1	0.557154423	0.361327948	-0.394662766	0.755990714	NE	0.856960499	3.764550304	-0.485049184	-0.646264171	ASCL1	278109	P1	cluster3
Sample_2_304940_P3	0.506204333	0.348676811	-0.40811713	0.756793941	NE	0.97059136	3.015632705	-0.394304791	-0.620083853	ASCL1	3049400	P3	cluster3
Sample_10_279201_P1	0.472637904	0.371766277	-0.260464045	0.632230322	NE	0.905176873	1.344826543	-0.481693437	-0.60515773	ASCL1	2792010	P1	cluster3
Sample_11_285881_P3	0.387894091	0.338209555	-0.331181064	0.669390619	NE	0.501923459	0.140336343	-0.47993283	-0.634467331	ASCL1	2858810	P3	cluster3
Sample_14_285849_P1	0.457083085	0.400894491	-0.369634052	0.770528543	NE	0.421444643	-0.497432101	-0.45643385	-0.292853322	ASCL1	2858490	P1	cluster3
Sample_15_285880_P1	0.496150328	0.477197345	-0.409821261	0.887018606	NE	0.549903848	-0.292167435	-0.485029908	-0.450959572	ASCL1	2858800	P1	cluster3
Sample_5_304943_P3	0.509677615	0.468808316	-0.402648793	0.871457109	NE	0.849106946	0.236267828	-0.482352723	-0.048423399	ASCL1	3049430	P3	cluster3
Sample_1_313309_P1	0.465736335	0.382635682	-0.31998777	0.702623453	NE	0.533753518	-0.339263236	-0.495329238	-0.551954122	ASCL1	m313309_S193	P1	cluster3
Sample_3_318978_P1	0.386991728	0.357276751	-0.1916311	0.548907851	NE	0.62475416	-0.310121565	-0.45644477	0.629557968	ASCL1	m318978_S195	P1	cluster3
Sample_4_344004_P3	0.466653097	0.425686465	-0.209943046	0.635629511	NE	0.476152457	-0.656246843	0.075326276	0.421312234	ASCL1	m344004_S196	P3	cluster3
Sample_5_318979_P1	0.313881716	0.308475033	-0.061049199	0.369524232	NE	0.098299499	-0.656246843	0.525447949	-0.667582894	ASCL1	m318979_S197	P1	cluster3
Sample_8_357486_P3	0.540657509	0.441575134	-0.256579101	0.698154236	NE	0.998438298	-0.0298069	-0.177871983	-0.577284516	ASCL1	m357486_S34	P3	cluster3
Sample_7_318986_P1	0.537908537	0.473831858	-0.249766734	0.723598592	NE	0.924258209	-0.597508109	-0.412419751	0.086919998	ASCL1	m318986_S33	P1	cluster3
Sample_11_329865_P1	0.410842163	0.386638097	-0.066382892	0.453020989	NE	0.288093953	0.621224295	-0.319033498	-0.652189556	NEUROD1	m329865_S206	P1	cluster3
Sample_12_344001_P3	0.333065365	0.328367878	-0.244865207	0.573233085	NE	0.022118129	-0.637826929	-0.503760056	-0.686670662	ASCL1	m344001_S207	P3	cluster3
Sample_14_357488_P3	0.144582595	0.255733146	-0.109131318	0.364864464	NE	-1.516396728	0.785557157	-0.444348237	-0.68563443	NEUROD1	m357488_S36	P3	cluster3
Sample_13_334087_P1	0.294242871	0.27282144	-0.204001074	0.476822514	NE	-1.551472752	1.301323477	-0.512944588	-0.463866338	NEUROD1	m334087_S35	P1	cluster3
Sample_3_304944_P3	0.556841138	0.3906398	-0.242622119	0.633261919	NE	0.597954234	-0.639406901	-0.512381256	-0.515977451	ASCL1	304944	P3	cluster2
Sample_6_304945_P3	0.489200933	0.452567123	-0.424529806	0.877096928	NE	0.821602675	0.363924108	-0.49284443	-0.042847064	ASCL1	3049450	P3	cluster3
Sample_7_304955_P1	0.49781552	0.40897543	-0.332064522	0.741039953	NE	1.050572364	-0.193500576	-0.528737289	-0.640433272	ASCL1	304955	P1	cluster2
Sample_8_313308_P3	0.526138983	0.42862816	-0.314876584	0.743504745	NE	1.126786891	-0.145860256	-0.527626967	-0.629758934	ASCL1	313308	P3	cluster2
Sample_9_329861_P1	0.194329402	0.214690344	-0.131735019	0.346425363	Non-NE	-0.304882343	-0.656246843	2.303322527	-0.056013156	POU2F3	m329861_S198	P1	cluster2
Sample_10_329885_P3	0.17119087	0.182982026	-0.114175449	0.297157475	Non-NE	-1.551472752	-0.656246843	0.638651277	-0.546623369	POU2F3	m329885_S199	P3	cluster2