gene_name	cluster_id	A_diff	E_diff	O_diff	rank_A_diff	rank_E_diff	rank_O_diff	rank_sum	TF_rank
RUNX3	c1	8.755366213666317	2.077205433975059	0.13227215325697728	4	7	36	47	1
NFKB2	c2	3.1748485977463696	5.956927680225959	0.11041161891694529	19	2	27	48	1
HOXB3	c3	8.292037132466591	1.1874825930181303	0.18129652022078346	10	21	27	58	1
GRHL1	c2	3.2534531557966817	1.3021957721291624	0.17464286390313433	17	20	13	50	2
IRF8	c1	9.26365971681859	0.2914606199259876	1.766090794648143	3	59	3	65	2
LBX2	c3	7.11451513859719	0.7958758372798035	0.23000815976273614	20	38	17	75	2
NFKB1	c2	2.9313193593047435	0.7054669615593651	0.21229253921414504	22	42	9	73	3
NFIX	c3	7.517133249049756	1.2585777883858424	0.11071966413257606	14	18	43	75	3
LEF1	c1	6.915488179713391	0.77902433142327	0.0928192304383959	5	31	51	87	3
IRF9	c2	0.5769851144924361	1.1389549328788144	1.8568307542050722	67	25	1	93	4
LHX2	c3	2.738348490818525	3.1834584444353147	0.21760285336637075	69	4	20	93	4
TCF7L2	c1	10.648044544514164	0.25948007699185194	0.07222232793589178	2	64	61	127	4
POU2F1	c2	10.087709431675975	0.23195486230694998	0.13171918013283168	1	72	21	94	5
RFX2	c3	3.333097994074183	3.4356582985034163	0.13819261486434797	55	3	38	96	5
MLXIPL	c1	2.2508355845240615	1.9055148609578587	0.07691486552013593	63	11	56	130	5
SP1	c2	2.3149326933541223	1.7609056013384918	0.08487835031120028	37	13	44	94	6
GBX2	c3	9.136791569769919	0.06717184801637	0.33280069712984783	5	97	7	109	6
FLI1	c1	5.221721382088993	0.3067679336852789	0.07268878973863835	20	56	60	136	6
POU3F2	c2	9.046468798784685	0.2261254928285999	0.12264012177247174	2	75	24	101	7
MEOX2	c3	6.2954054544464135	0.39074540599351365	0.1512376333708385	25	54	33	112	7
SRF	c1	-0.7139953506460662	2.487110776071262	4.17078537183973	139	3	1	143	7
POU6F2	c3	8.219060596624738	0.19834612540866	0.17140513844010563	11	73	29	113	8
CEBPB	c2	1.612261916397451	2.502505306977553	0.05554731785990974	45	9	61	115	8
MEF2C	c1	3.067303902047182	0.8266213671674034	0.060257086416823924	43	28	72	143	8
NEUROG2	c3	4.926101385173116	1.696972312939592	0.05702818909682428	32	15	67	114	9
ZBTB33	c2	1.0272140567907495	0.8800201719748211	0.098918852957393	54	34	34	122	9
IRF7	c1	5.462573565271891	2.00538470774385	0.0033482577767607324	16	9	120	145	9
RAX	c3	7.415110532573324	0.1914825564268295	0.18457584129613913	16	74	26	116	10
REL	c2	2.386735212462826	2.1944687626798243	0.04261756119661264	34	10	78	122	10
SPI1	c1	6.477271843639899	0.6970885397470746	0.022847006219485877	8	34	104	146	10
E2F2	c3	1.5857848346122134	2.1230216552844214	0.32264844889517796	97	11	9	117	11
SP3	c2	4.267052527114116	0.33521568096619075	0.06272427391336421	14	59	54	127	11
RXRB	c1	0.7761786214448484	0.35611743379572675	0.3094511707888348	92	52	15	159	11
PKNOX1	c3	6.672855063563254	0.775945315742125	0.06911654161984693	22	39	60	121	12
TEAD4	c2	7.865364396621811	0.9818145495806171	0.030225136503991834	5	29	93	127	12
REL	c1	4.538755350884218	0.3053539415806814	0.062100806741314685	31	57	71	159	12
EMX2	c3	2.380425908756416	0.9593319036615331	0.22514177209731656	75	32	18	125	13
KLF16	c2	4.325154734322475	0.8450499454321153	0.042202161099819335	13	36	79	128	13
XBP1	c1	1.7124165194430359	2.2049322122633868	0.03558176039882355	71	5	89	165	13
CEBPA	c2	1.7256059580653298	4.00292330083008	0.039845584033049164	43	3	82	128	14
NFIA	c3	8.488273255736846	0.7137614889373678	0.03604901826925477	6	41	84	131	14
RREB1	c1	6.431309458187326	0.5314789658569576	0.0061379615822296785	9	43	119	171	14
RELA	c2	3.36887430296019	1.0644972887491888	0.031044766565155868	16	26	92	134	15
E2F7	c3	0.6868549530953819	2.5393784503915713	0.8208917733166059	126	8	3	137	15
ELK3	c1	5.471899603959162	0.7062462569941634	-0.011414953105608916	15	33	129	177	15
ZBTB7B	c2	0.016655477346532513	0.8637283163050166	0.15597023789769793	84	35	17	136	16
MEIS2	c3	3.8412790695457306	0.28974931171023616	0.14086233244051805	46	63	37	146	16
ZNF410	c1	0.0908078105477628	0.2448128017552829	0.8908988688662451	108	65	6	179	16
CENPB	c2	6.025192185044791	0.04620325037414014	0.10625797348105515	7	101	29	137	17
FOXP2	c3	6.582608141787242	0.5912475829534677	0.038262267871338906	23	44	80	147	17
PROX1	c1	-0.46820657745104843	0.4158272530401736	0.5173230216168037	128	47	9	184	17
SPIC	c2	4.555507806833728	2.8058529517907402	0.006539221687457797	11	6	121	138	18
SCRT1	c3	2.9756530371969654	0.6227188472873753	0.099653785300859	61	43	47	151	18
STAT3	c1	0.8352471282198235	1.261692747464657	0.04585988251826656	86	18	81	185	18
E2F8	c2	0.47425533592209296	0.28588789979973145	0.38637533913296984	74	64	7	145	19
PAX1	c3	2.0555669949574535	0.47811011556999894	0.218103088261989	82	51	19	152	19
MEF2D	c1	2.5648461763117165	1.4205194866608575	0.010369410275258062	56	15	114	185	19
MEF2D	c2	1.4869555223720858	0.4308333334107467	0.08151285332730751	48	56	45	149	20
ONECUT1	c3	4.397392231138143	0.3151181681234857	0.08192812272740468	39	60	53	152	20
MEF2A	c1	2.720980254089494	0.4415293860458108	0.02780556218005792	50	45	96	191	20
EHF	c2	2.7726223879337395	1.4454213736459594	0.018462797267494224	24	19	106	149	21
TCF4	c3	8.395265997346662	0.43089370173146346	0.027097631914196896	8	52	95	155	21
DUX4	c1	0.8002164780578851	0.2211141187035758	0.13553034459245517	90	69	34	193	21
ELF3	c2	2.4201287080991523	0.904883412448355	0.03322117674107261	32	32	89	153	22
NRL	c3	3.858509099507246	0.7566963981590596	0.04402618455822527	44	40	74	158	22
ETV5	c1	4.775459305590698	0.22113264080190465	0.027676697031123965	28	68	97	193	22
MTF1	c2	0.5089266861138326	0.16729745364918253	0.4101475245660726	72	81	5	158	23
MEOX1	c3	3.1657322863475406	0.06717184801637	0.3081096971902362	59	98	10	167	23
ELK1	c1	6.604338231926262	0.7887659640596107	-0.04467065967000394	6	30	159	195	23
FOSL2	c2	3.121113138600912	1.7223631017374283	0.0030456317493996465	20	15	127	162	24
TEF	c3	1.0755055621646683	0.966796958376331	0.19279863965798683	114	31	25	170	24
BHLHE40	c1	2.4127947798453198	1.0177133814461603	0.0068700922969853195	61	22	116	199	24
STAT3	c2	1.8819388271704316	1.0360011945553322	0.028529962130074082	42	27	97	166	25
ALX3	c3	6.5521404214363574	0.04842032268226676	0.11545305759348956	24	106	41	171	25
PRDM1	c1	2.214141961327888	1.1180781833511197	0.006538879435057154	64	20	117	201	25
KLF13	c2	2.665576197263936	0.11526390855230992	0.06732746575983839	28	89	50	167	26
EN2	c3	2.46632792941381	0.38439901318189024	0.10774843029565062	73	55	45	173	26
EGR2	c1	5.194570025078571	0.08503773499552109	0.03654890487910123	21	94	88	203	26
SPIB	c2	0.953707731933237	2.9346705528128703	0.016506450569581332	56	5	108	169	27
NR4A2	c3	3.3442641439393954	0.9101398456625975	0.03277680388888626	53	34	87	174	27
ELF5	c1	2.551275801060199	0.004988838982359337	0.131957952983786	58	109	37	204	27
HOXC11	c2	-0.8056115291328038	0.4771984057351864	0.17150496266338955	108	52	15	175	28
MIXL1	c3	5.886450734716097	-0.04953302247571242	0.23042721446178405	27	134	16	177	28
ERG	c1	5.346736483783545	-0.004629523186674703	0.05809805217395514	17	114	75	206	28
TFAP2C	c2	0.48238506023841754	0.7400879199243727	0.053790852365651176	73	41	62	176	29
NOTO	c3	2.6569858615964987	0.06717184801637	0.2924939587271478	70	100	11	181	29
IRF2	c1	6.200869738928637	1.6698460083734252	-0.06780375343632628	12	13	183	208	29
TFAP2B	c2	0.539723395222985	3.3513658356821616	0.018510278537744895	69	4	105	178	30
DMRT3	c3	1.783724046339664	0.2947057165763718	0.15562266737553543	91	61	32	184	30
EGR3	c1	5.064320523970785	2.3815111349975355	-0.0650087718772081	24	4	181	209	30
NR3C2	c2	-1.6587348245463596	0.8050199889716784	1.520349815151235	143	38	2	183	31
LMX1B	c3	3.8573262517082925	0.007057225288960515	0.2027220913562804	45	117	23	185	31
FOSL1	c1	4.39940387671464	0.5605882465024997	-0.020479496284600884	32	42	137	211	31
SREBF1	c2	-0.03939699322959095	1.2251156014384201	0.04541537137505358	85	23	75	183	32
GBX1	c3	2.7868109661154525	0.020500004936003832	0.32968972533387486	67	112	8	187	32
TFEB	c1	3.2846159072545937	1.8165056342798067	-0.04636678796930127	40	12	162	214	32
SOX21	c2	-2.1491537308395934	1.726562058870565	0.40865433749365643	164	14	6	184	33
PAX3	c3	3.3097585966900067	1.2441157118585626	0.014162656870263746	57	20	111	188	33
PPARG	c1	-1.2822440872184868	0.7126870569194598	0.24857023321031413	164	32	19	215	33
HES5	c3	2.277880715847761	0.10148988470949429	0.19777450180860612	77	89	24	190	34
IRF7	c2	0.43090314481874703	0.1883958645358818	0.08896900907734029	75	79	39	193	34
JUND	c1	2.5732689546031495	0.8315057044576601	-0.019749473917638483	55	27	134	216	34
NHLH1	c3	11.149579179706464	1.6950220478015574	-0.03377745553654243	2	16	172	190	35
SREBF2	c2	-1.0325676292746608	1.6251898309819215	0.05729193868999971	120	17	58	195	35
JUNB	c1	4.706356990709392	2.0265488559750655	-0.06486945484478213	29	8	179	216	35
CUX2	c3	1.3860231020694591	1.2728052757676434	0.0418760144261654	100	17	77	194	36
EGR1	c2	2.4311644581658065	0.9785322213437921	-0.007376294752800661	31	30	135	196	36
ZBTB7A	c1	1.092555316202239	2.1300783004315225	-0.00490707537205104	85	6	127	218	36
FOXA1	c3	7.857124140599723	0.158849461672574	0.017848398281628874	13	78	104	195	37
ETV6	c2	0.7574690830819957	0.9644525259318594	0.019306401405755125	65	31	104	200	37
BATF3	c1	0.435602779689478	0.3329733692238856	0.06599339777338642	101	53	68	222	37
HESX1	c3	8.036424472085635	-0.06774320539990307	0.10656187350923574	12	138	46	196	38
ELF4	c2	1.9274162276909212	-0.02866879477128048	0.06497843438794781	41	119	51	211	38
ONECUT3	c1	-0.5994814749478494	0.2310777855491481	0.19689783280557194	135	67	22	224	38
EVX2	c3	2.739520649368904	0.07229803498742005	0.14910863341522784	68	95	34	197	39
FOS	c2	2.3985169495591956	0.28448875852964156	0.01380883811791378	33	65	113	211	39
FOS	c1	5.076271666436983	0.36699852965854257	-0.03701125267494376	23	50	155	228	39
RORA	c3	2.3796187746200266	2.0861589785796455	0.011484780402488681	76	12	115	203	40
YY1	c2	2.521236434896192	-0.06677294008684052	0.06925846868075247	30	135	49	214	40
NFATC3	c1	3.2608878688797533	-0.18819106021673335	0.1453781931509539	42	158	30	230	40
EBF1	c3	2.2765728709754347	0.8381950239017	0.02713602694823969	78	35	94	207	41
ETV3	c2	-0.07372397852937906	1.557288893561695	0.014123290419954415	88	18	112	218	41
E2F8	c1	1.348603584042039	-0.08810636394341671	0.47668064122674103	79	144	11	234	41
FOXF2	c3	4.708814534790486	-0.013201069900739168	0.09160447877333588	35	123	50	208	42
SPI1	c2	4.21645761046328	0.20541385430003836	0.003520678756952833	15	77	126	218	42
MYBL2	c1	-0.3483304698638851	0.08563051940233359	0.25385165255134723	125	93	17	235	42
POU4F1	c3	4.258660051051793	0.21945472437114583	0.02184624383573386	41	70	99	210	43
CEBPE	c2	2.038960893923463	-0.04638635431595546	0.061492336366425704	39	124	56	219	43
TFCP2	c1	0.24585756665096212	0.09272309460350864	0.12178063668603833	105	91	40	236	43
ZEB1	c3	3.5159083380051204	1.1296633804595746	-0.006398950314071783	50	24	136	210	44
RARA	c2	-0.426620331540337	0.10368683084976059	0.1012645652699522	100	90	31	221	44
HSF4	c1	0.6879132724039472	-0.055432165623664736	0.32665797053716616	94	133	14	241	44
HOXD13	c3	0.5177404075684879	1.8899234979616562	0.058365571502751123	131	14	66	211	45
ZNF143	c2	-0.27219600897608054	0.021492886751105	0.13575397533848488	96	108	20	224	45
CREB3L1	c1	2.072008435131168	0.07741259383627713	0.05387656961211107	65	98	78	241	45
POU4F2	c3	3.7231328333895153	0.032645479535136544	0.07659393839628414	48	109	55	212	46
ZNF263	c2	-0.2510526006642327	0.5256931527080904	0.03661733901400055	95	49	84	228	46
ZBTB7B	c1	-0.5772771239362949	0.2705326367870315	0.10353010008169328	133	63	49	245	46
HEY2	c3	1.7566714756451034	2.24235902835471	0.01491168991305436	93	10	109	212	47
CEBPD	c2	1.49375788411556	-0.09151227670833027	0.08837261496396742	47	146	40	233	47
TP63	c1	-1.6408931992558944	0.22020324921563056	1.3823637706679701	173	70	5	248	47
LHX6	c3	2.1270556458255365	0.08655206347804822	0.11664275736429275	81	92	40	213	48
RREB1	c2	0.8988268395463228	-0.02999209406272778	0.06239357514772337	58	120	55	233	48
NFKB2	c1	5.000664987410593	-0.14490697264347677	0.0636682138782696	26	154	69	249	48
FIGLA	c3	7.164433290015118	0.2614337124958666	-0.0030466454589284098	19	65	132	216	49
POU3F1	c2	8.023880499074732	-0.7000229694728762	0.10051961883742777	4	201	32	237	49
EGR1	c1	2.553492441975769	0.6224686026595279	-0.038102517875497455	57	36	157	250	49
FOXD2	c3	6.792906921308603	-0.12228744886487271	0.09395065886545595	21	148	49	218	50
PRDM1	c2	0.9161058619184158	0.08276477292117713	0.034649661298280066	57	97	87	241	50
EMX2	c1	-2.593959904976476	0.5925222351209628	0.23632019792716363	194	39	20	253	50
MNX1	c3	7.478875079964456	-0.31486921853852845	0.16033177948853528	15	175	30	220	51
MEF2C	c2	0.530112628626253	-0.1337831546991801	0.14492515549976126	70	153	19	242	51
GRHL1	c1	-0.6755229535941522	0.07010136676428173	0.2536034209463711	138	99	18	255	51
BARHL2	c3	2.8034903608389437	-0.09600272512940651	0.25688931549149174	66	143	13	222	52
SP4	c2	2.8131527887479786	-0.6398118847819224	0.11733281166517529	23	194	25	242	52
RELA	c1	3.450771008160007	0.1269086388390147	-0.0199829561820426	37	84	135	256	52
FOXB1	c3	6.243829249414123	0.12429289364805049	0.01290537393940916	26	84	112	222	53
TFCP2	c2	2.3529418311760555	0.3063450294827488	-0.024128239667705387	35	61	146	242	53
PAX7	c1	-1.1872225966832106	0.09601211783546366	0.4574584090272147	158	89	12	259	53
ZNF410	c3	-1.4089908120612833	0.5076525098346176	0.5733031164228048	181	47	5	233	54
TEAD1	c2	8.15177802631759	0.20192808144894456	-0.04603889573005304	3	78	162	243	54
E2F3	c1	0.15180116942832436	-0.09584074943413225	0.6776183469924573	107	148	8	263	54
HLF	c3	1.143596475977746	0.10951856481066954	0.14241731461532048	112	85	36	233	55
HSF2	c2	0.776174931315544	-0.3314152247676662	0.19066335496451892	63	173	11	247	55
LHX6	c1	-2.2985814285508757	0.3199254426738195	0.18464448679068113	188	55	23	266	55
MEIS1	c3	3.3397554746311027	0.2473669918382251	0.012161198176167787	54	67	113	234	56
SP8	c2	4.752668094597647	-0.5135446034174772	0.05961282911495225	10	183	57	250	56
SPIC	c1	2.3176026452696283	-0.12293675190400892	0.08325824258770886	62	151	53	266	56
ZBTB18	c3	7.305343587620019	-0.21776440834575522	0.07914965958809006	17	164	54	235	57
HINFP	c2	2.344114067898901	-0.045188427723491714	0.03164641711702032	36	123	91	250	57
TFAP2A	c1	-0.5921839678777203	3.364562499967177	-0.016424661851100808	134	1	132	267	57
JUN	c3	3.262447578184089	0.08474554373407266	0.027285369190307662	58	93	93	244	58
BHLHE41	c2	-1.3558949016264243	2.1365633458378137	0.015323224511138989	132	11	109	252	58
PAX5	c1	1.6729043277339666	1.927422133505663	-0.07068007620846828	72	10	186	268	58
RFX3	c3	2.960073840429176	0.14774217003699033	0.017694092802891248	62	79	105	246	59
KLF14	c2	5.656696733376807	-0.6714676129494496	0.07755996505709817	8	198	47	253	59
MEF2B	c1	2.9395195617559864	1.0251003558035878	-0.11440587336166885	47	21	204	272	59
CLOCK	c3	1.8128949572126984	0.21020280863237062	0.034638035549912516	90	72	85	247	60
SP2	c2	2.311854050925233	-0.10730268925638146	0.04889798196886552	38	150	67	255	60
ETV4	c1	5.314558367014464	-0.01766550255318977	-0.01900900604870337	18	125	133	276	60
RFX4	c3	2.850562087118351	-0.13885359096778843	0.1467533459032122	65	149	35	249	61
GCM2	c2	0.8432777532843417	-0.5398736516813271	0.1453760023009707	60	184	18	262	61
POU4F1	c1	-4.685906132258906	3.2694640019876493	0.07395369196394341	216	2	59	277	61
HOXC13	c3	1.7545382323956646	0.008222689274334704	0.11126558227767624	94	115	42	251	62
NFYB	c2	-1.1872611810685834	0.821828379778114	0.021791036909005967	126	37	102	265	62
STAT1	c1	1.9516466211865289	0.6704921634672769	-0.05870997370287334	68	35	175	278	62
PHOX2A	c3	5.568910385086544	-0.06768707633337913	0.03368621112274717	30	137	86	253	63
NFATC3	c2	-0.05985883031574735	-0.04889730707860797	0.06383013794022574	87	127	53	267	63
HESX1	c1	-5.381254123815691	0.9224157827204685	0.1406867018677822	224	25	32	281	63
MZF1	c3	4.43377702900258	0.8363334461114547	-0.042909137444029355	38	36	183	257	64
FOSL1	c2	2.7521571700622784	0.0848862421693175	-0.02518561575111633	25	96	147	268	64
CDX2	c1	-0.6127348971718328	0.3705222984638249	0.02796062698317492	137	49	95	281	64
TP53	c3	4.705468705531745	-1.0521915054966566	0.24398612509639683	36	211	14	261	65
NFYA	c2	-1.4111016638012568	0.5420991036763345	0.034128258118430566	133	48	88	269	65
ERF	c1	5.098042526182289	-0.07636510312826923	6.890618875203813e-4	22	139	121	282	65
POU6F1	c3	4.700330765065743	-0.5673300716250408	0.1568599795430501	37	194	31	262	66
NRF1	c2	2.0111706576362525	-0.036794762845993596	0.014457258970793418	40	121	111	272	66
CTCF	c1	3.652214870159846	1.6173285670453577	-0.25801265363832826	36	14	232	282	66
TBX19	c3	2.6262315443370765	-0.5316657606616708	0.6260675991830364	71	192	4	267	67
E2F1	c2	-0.1324705095996057	1.1643725484455956	-0.04154908232859711	90	24	158	272	67
SOX8	c1	-0.07738117280965406	0.004988838982359337	0.07548254665349319	116	110	58	284	67
FOXC2	c3	5.817603068559662	-0.20829148563702707	0.0406005667748488	28	162	79	269	68
POU3F3	c2	6.852668686139839	-3.966845751547374	0.10430746461353557	6	237	30	273	68
MNX1	c1	-5.367674352158732	0.9966909631280321	0.12137803713469175	223	23	41	287	68
DBP	c3	1.264324437511332	0.33132827647095575	0.01635971386352253	105	58	106	269	69
GLI2	c2	-0.05878677921641878	-0.46185423443614493	0.20897048693651143	86	180	10	276	69
HEY1	c1	0.7801395586892548	0.6001687793024332	-0.04253734374251117	91	38	158	287	69
CEBPG	c3	-0.11444684798263846	0.21496139156185418	0.10799479425426384	155	71	44	270	70
EGR3	c2	3.0282896837655624	-0.34826966835914913	0.04099821881843724	21	175	81	277	70
RARA	c1	3.001693610270997	0.16256547699248627	-0.04975084238742156	45	76	166	287	70
TFAP4	c3	8.416777151239746	0.48221314438008794	-0.09598156034448913	7	50	213	270	71
ELK3	c2	0.7575073254864859	0.06953214948546686	0.013305138600294697	64	99	114	277	71
TEAD4	c1	6.354468222407072	0.14670051668224068	-0.08958097143515253	10	79	198	287	71
CUX1	c3	1.925549184855916	-0.06883490278793257	0.09634066396252194	86	139	48	273	72
MEF2B	c2	1.240862190993811	-0.7953179698372747	0.115885276039835	49	203	26	278	72
POU4F2	c1	-4.221931630044446	0.32429593636376514	0.1780656080563361	213	54	24	291	72
INSM1	c3	1.3066526567044312	2.7495787777644995	-0.030689672119144973	102	7	166	275	73
TBX20	c2	-1.7999377492882012	0.12980046606259177	0.08926633134675122	153	87	38	278	73
ELK4	c1	6.555663854741811	-0.4730028152446909	0.025720041292897733	7	184	100	291	73
TP73	c3	5.753106779085626	1.0616480359528404	-0.12260112770651865	29	26	220	275	74
HNF1B	c2	-1.0341549898528204	-0.07182082767042	0.12947206654547294	121	136	22	279	74
FOSL2	c1	4.8876047226278905	0.13817029045622936	-0.06888230067081835	27	81	184	292	74
MSC	c3	9.502100374081051	-0.5708214482349268	0.040861476592969126	4	195	78	277	75
OTX2	c2	-1.1454891262593383	0.6751291862398534	0.011199576842390258	125	43	116	284	75
ETV3	c1	4.365077889929992	-0.3916323769448639	0.044229766663709924	33	179	83	295	75
TFEB	c3	0.9186126961057042	0.10186347727637317	0.042970557018515265	119	88	75	282	76
ELK1	c2	0.9956925119096003	-0.13668376500315954	0.04444809179693188	55	154	76	285	76
BHLHE41	c1	3.419592929082617	-0.08229317886522457	0.006321351035762035	38	142	118	298	76
HOXA13	c3	0.3786004988611088	0.007057225288960515	0.17222924926981165	138	118	28	284	77
ELK4	c2	-0.3929680416755717	1.2892005073456716	-0.04716128969685762	99	22	164	285	77
SOX21	c1	0.055876548440184914	-0.5318236734653233	2.755667729887385	113	189	2	304	77
ONECUT2	c3	3.8325151340816435	5.012259015596628	-0.2582263868823347	47	1	238	286	78
CREB3L1	c2	-1.853057668629346	-0.020618258358493475	0.173747657682652	157	116	14	287	78
HES5	c1	-0.6064891432159595	-0.09399766788873196	0.20278756857074676	136	147	21	304	78
EGR2	c2	4.394397626991481	-0.04835450561533049	-0.026484764040692	12	126	149	287	79
OLIG2	c3	0.9437915141220933	0.07416826430796716	0.03789427592267636	117	94	81	292	79
FOXC1	c1	-7.314686065572276	0.5712406746869132	0.15059913482835086	237	41	27	305	79
OLIG1	c3	0.2939745192789015	-0.09472141119663276	0.2842977395976405	139	142	12	293	80
ETV4	c2	1.0860723797610112	-0.30247711148124196	0.04579257134790993	51	171	74	296	80
HNF4G	c1	1.4816063426451138	-0.013278646815815172	0.01814171921583707	75	123	108	306	80
GATA2	c2	-2.289298034752988	0.15758102928567258	0.08491705383621628	171	83	43	297	81
BHLHE22	c3	0.47969328895409735	2.013579021780967	-0.02311499370312653	134	13	156	303	81
GSC	c1	-1.4418699350548583	0.012250048960759782	0.1392459023106838	166	108	33	307	81
BHLHE40	c2	-1.7123924468590648	0.10040813995257308	0.05637271732691573	147	92	59	298	82
HEY1	c3	1.1219027496194776	0.1304235380162314	0.014727983950976409	113	82	110	305	82
ETV6	c1	6.291158396670951	-0.17269286523069835	-0.02458372854989932	11	157	139	307	82
NFIL3	c2	-0.518964680769632	1.2999996998572545	-0.07096734384445647	103	21	174	298	83
NR2F1	c3	1.1528427061799758	2.966281185369279	-0.05484040221320896	111	6	188	305	83
CENPB	c1	2.638127622773927	-0.020305700009689655	-0.012964643571171663	52	127	130	309	83
EGR4	c2	3.1805216115748287	-0.25324553137687855	0.010363925301165366	18	164	117	299	84
USF2	c3	4.035570116369504	-0.5560064913520595	0.049192748112574236	42	193	72	307	84
NFKB1	c1	5.055177124852983	0.42824745568261596	-0.6099613658785561	25	46	239	310	84
ELF5	c2	2.651683012666983	-0.05473249888940062	-0.015162116529138459	29	129	141	299	85
IRF9	c1	11.497616150035972	0.2319855107575464	-1.1345808338393155	1	66	243	310	85
RFX5	c3	3.943500157170797	-5.045419832737735	0.20608299511391337	43	246	22	311	85
E2F4	c2	1.1411514863474257	0.3347983436976	-0.12456869436864793	50	60	193	303	86
HOXD12	c3	0.7838267305246011	3.022125277964582e-4	0.055843916041913744	124	119	68	311	86
HOXA13	c1	-1.5009894794162437	-0.004917532184495741	0.147998390779275	167	117	28	312	86
PPARG	c2	-0.8070616048511008	-0.27387170717851	0.10735013140021366	109	167	28	304	87
SNAI2	c3	13.042575316752758	-1.2095384792387802	0.027319003095282568	1	220	92	313	87
CUX1	c1	-0.7152644143678792	0.3000917187135129	0.0071489665153663395	140	58	115	313	87
ZBTB7C	c2	0.8519762337509026	-1.0080551903278414	0.09610096754131447	59	212	35	306	88
EGR4	c1	2.664055148857975	0.21156044853938105	-0.0769615956770302	51	72	190	313	88
DUX4	c3	0.809156992599785	-0.05133082960202641	0.07400557610560732	123	135	57	315	88
FOXP1	c2	0.6516178450954951	0.30364073986435436	-0.08304826476295268	66	62	180	308	89
EVX2	c1	-3.05982313247743	0.3607573359065355	0.06870942835862692	200	51	65	316	89
BHLHE23	c3	0.5013090167726747	-0.38959402145241023	0.41171700173944714	132	179	6	317	89
E2F6	c2	-2.2234310054240494	0.666783974808915	0.025950301629897865	168	44	99	311	90
JDP2	c1	1.4512172059695496	-0.25231497321575125	0.062422532654638374	77	169	70	316	90
PKNOX2	c3	8.307887594042047	0.007057225288960515	-0.06524669791286364	9	116	197	322	90
PAX9	c2	-1.0013486045792641	-0.5751652011257522	1.4636440097220422	118	191	3	312	91
NR2C2	c1	0.5170229291899404	0.025373295707777608	0.010395624529516923	98	105	113	316	91
HES7	c3	2.0381866407358125	-0.034144161854696466	0.016303635031929886	84	132	108	324	91
HNF1A	c1	-1.1830016073250142	0.28637151429482116	0.02558901131968483	157	60	101	318	92
CEBPG	c2	1.0618627942101724	0.18011562024957234	-0.10261757911656488	52	80	187	319	92
CDX2	c3	0.9292355283379703	-0.25825904271585226	0.1298696529676775	118	168	39	325	92
MTF1	c1	1.518674521022338	0.017084510472243936	-0.023382827395463934	74	106	138	318	93
RXRG	c2	-0.7761034889023475	-0.07718920140850745	0.04845998378479699	107	144	70	321	93
JDP2	c3	-2.032647362393156	0.13932113357689252	0.076564874293096	190	80	56	326	93
FEV	c1	5.661040703351933	-0.6551920284241949	0.023332747692650813	14	203	103	320	94
RUNX3	c2	4.842970449790114	-0.2771045275383188	-0.02177951896458552	9	168	144	321	94
SOX4	c3	2.148709120921449	-0.024713374894347915	0.0069908575973016696	80	126	122	328	94
MYBL2	c2	0.16337991198545268	0.36197241375204076	-0.08691400655723669	82	57	182	321	95
SP2	c1	0.48156538636245455	0.1303079309785414	-0.028794221219593297	100	82	143	325	95
E2F6	c3	3.3195606477034927	-0.030390832327488355	-0.01236584704197341	56	129	143	328	95
MNT	c2	-2.168469069631943	0.4331493267803136	0.024225438047132286	167	55	100	322	96
MYBL1	c1	1.1699683102892597	-1.4345402220891366	0.40870841559626925	82	232	13	327	96
MAX	c3	1.3639497337805604	-0.14414518570108903	0.03654796539156635	101	150	82	333	96
HOXB13	c2	0.22166240494318806	0.26774722941899226	-0.07687156279290619	81	67	176	324	97
CUX2	c1	1.1651611417852274	-0.4129681648561278	0.06918890903043362	83	181	63	327	97
ONECUT3	c3	3.470730027583228	0.2559051527797957	-0.10420059969614215	51	66	216	333	97
ETV5	c2	0.32879706369534456	0.07498460768349478	-0.03166862747635335	76	98	153	327	98
SREBF1	c1	-0.2023218575168878	1.307165466660882	-0.08874937722949383	120	17	197	334	98
GLIS2	c3	1.9678833709602657	0.9788458264337309	-0.1326094968564604	85	29	224	338	98
MEF2A	c2	0.8200866137118754	-0.9303976589189679	0.05563621998683921	61	207	60	328	99
PHOX2A	c1	-5.361737568460393	0.09632666269519562	0.17080874724740802	222	88	25	335	99
MAFK	c3	2.995264949665353	-0.07549056990019848	-0.00813583575311938	60	140	140	340	99
NR2C2	c2	-1.679820593564528	0.14342680944471695	0.025956732375313152	146	84	98	328	100
TEF	c1	-0.9010953926281305	-0.3605238452700846	0.2900233421912084	146	176	16	338	100
FOXC1	c3	4.815223910505888	-1.062115118753192	0.027026309969761186	33	212	96	341	100
XBP1	c2	-0.6893134312816951	-0.2631694234283371	0.05353589448225726	105	165	63	333	101
CEBPE	c1	-2.8079241923167775	0.08186530660768596	0.10672784868931551	198	96	46	340	101
FEV	c3	-2.65136698638039	2.505491572318394	9.678908486208115e-4	204	9	128	341	101
ZIC3	c2	-3.3051623433918014	0.23191885182611197	0.04869132560486911	191	73	69	333	102
ELF4	c1	4.674954774861032	0.09308416963819487	-0.1687715986064653	30	90	221	341	102
E2F3	c3	0.3840150686406851	-0.7651196882319659	1.9974893108405696	137	204	1	342	102
RXRB	c2	-1.0082100103794296	0.08799275600321906	0.009358098297489903	119	95	119	333	103
HNF1B	c1	-0.8546087364349969	-0.004917532184495741	0.04072793281970277	143	115	85	343	103
ESR2	c3	1.2700855011424739	0.5223363492054333	-0.0624281783864582	103	45	195	343	103
JUNB	c2	2.7480920633987456	-0.20635220111357122	-0.025830042122406027	26	159	148	333	104
CREB1	c1	3.3195578621117123	-0.8142311419806884	0.02859654411023449	39	211	94	344	104
CREB1	c3	-0.1719021936748406	0.355576497849695	-0.001893025917427238	157	56	131	344	104
GSC	c2	0.574144544058993	0.2798424445294468	-0.16128031981830482	68	66	200	334	105
ZIC1	c3	5.322347100100061	-0.25699662848506166	-0.016328329880639814	31	167	146	344	105
FOXD2	c1	-8.65400627749797	0.27589452525583363	0.11083625101141692	240	62	43	345	105
TBX21	c2	-1.7649046230465617	-0.022264732918007124	0.04991657448125153	152	117	66	335	106
MAX	c1	-0.25949741602717946	0.15068793900637747	-0.031402799559398176	123	78	145	346	106
ATF4	c3	1.210810981254122	-1.1547556025925312	0.2140031385109591	109	217	21	347	106
HOXD12	c2	-0.8928860785389013	-0.9328635581595718	0.16217563518167388	113	208	16	337	107
E2F7	c1	0.4219737105017527	-2.1543216960834766	1.5607710777135817	102	242	4	348	107
MAFG	c3	0.07745315301053715	0.05777706309319433	0.022948081350687488	146	104	98	348	107
ATF4	c2	-0.9409908063644324	2.708331509815796	-0.2648415967478126	115	7	219	341	108
MAFK	c1	-0.9768062987735928	0.9898290191310127	-0.059574856052126535	148	24	177	349	108
BATF3	c3	2.873642731994117	-0.005428865059541382	-0.03125610807666668	64	120	167	351	108
USF1	c2	-3.5193072389686386	2.0427582582679378	-0.0041281875940129	197	12	133	342	109
GLI2	c1	0.05850324786157424	-0.6304041119323203	0.12986756139983235	112	200	38	350	109
TEAD1	c3	-9.332254330089295	0.3153291799465378	0.08648427780469703	247	59	51	357	109
JDP2	c2	1.716177407875971	0.001513208397344214	-0.11786528999079238	44	112	191	347	110
EHF	c1	3.8160928077352625	-1.0036076438779509	0.026603540563259642	35	218	99	352	110
FOXP1	c3	0.8870695447495462	-0.22895336719978981	0.05274628663301861	121	166	70	357	110
ESR2	c2	0.3207878124351252	-0.14221119190431794	0.011951183465464865	78	155	115	348	111
ONECUT2	c1	-0.25246902321836456	-0.5000024610907484	0.10701077397708225	122	187	45	354	111
TCF3	c3	10.15574062445204	-1.8721638047828066	0.002622688174533039	3	228	126	357	111
NR3C1	c2	-1.8326620137778291	-0.5746167882942155	1.4313990033903305	155	190	4	349	112
HOXB13	c1	-1.072025020592967	-0.08359828100252233	0.07595403899113684	154	143	57	354	112
HINFP	c3	-2.619763127959671	0.2353960897426508	0.029455291200463307	203	68	91	362	112
TP53	c2	-4.546238025507428	0.5202795414000917	0.03010031845255412	208	50	94	352	113
NRF1	c1	1.742236172710216	-0.05588755781128445	-0.03399504836024292	70	134	150	354	113
HOXC11	c3	0.4918764612307486	-0.3101086285821318	0.07034922835984503	133	174	59	366	113
HNF1A	c2	-1.2778727941113492	-0.3729002640967963	0.08026180478118228	128	179	46	353	114
E2F4	c1	0.29531435041987003	1.3855959987032822	-0.34293850375662593	104	16	234	354	114
RXRG	c3	0.12002312861338216	0.10792002993933789	-0.006448807369888954	144	86	137	367	114
ZIC4	c2	-4.0178642804817155	0.4332451221307982	0.02952507335177934	204	54	95	353	115
ETV1	c1	5.240730032232519	-0.4914226337946414	-0.03576027591276265	19	186	151	356	115
SOX8	c3	0.8865675643205252	-0.013201069900739168	0.007681969375282094	122	125	121	368	115
SOX4	c2	-1.930340967883075	0.5076419903182097	-0.015819482992872835	160	51	142	353	116
MEOX2	c1	-3.515736100097124	-0.049040948134088526	0.16989254615959304	203	129	26	358	116
GSC	c3	0.0695146426041953	-0.27777783818407126	0.0838330893903958	147	172	52	371	116
TBR1	c2	-2.713116816153456	-0.07182082767042	0.10028768693076273	181	141	33	355	117
SPIB	c1	1.3221748938835982	0.05057482326979268	-0.059201523279506674	80	103	176	359	117
USF1	c3	2.0496502829711885	-1.610191121669926	0.06546650893949213	83	226	63	372	117
GLIS2	c2	-1.4953558953204171	-0.6435432495321615	0.12462838304515422	139	195	23	357	118
MSC	c1	-6.001912716219594	0.4473776317471105	0.03799845480280695	230	44	86	360	118
ETV1	c3	-2.779465825886847	0.4001789666318106	0.012016623513529723	206	53	114	373	118
TFAP2A	c2	-0.5222132893631277	-0.4896773760071695	0.047857491114996265	104	182	73	359	119
ONECUT1	c1	-0.9219822577991685	-0.3325282439669844	0.12945823670082213	147	175	39	361	119
NFYB	c3	-0.10460063757986049	-0.18724865606036228	0.06653451303407465	154	158	62	374	119
TBX2	c2	-2.5640914601453915	-0.07182082767042	0.08520287659241177	178	140	42	360	120
ZBTB7C	c1	0.17792180492977216	0.04244885020706618	-0.04470541643813597	106	104	160	370	120
HOXB13	c3	0.22725411711253737	-0.16301788368950149	0.03623021078182376	141	152	83	376	120
CTCF	c2	-1.3236797250282428	-0.19245049298389158	0.04829270056380963	131	158	71	360	121
NFYA	c1	1.9087775726839702	0.12223891383048226	-0.15336195254629814	69	85	216	370	121
TBR1	c3	2.9243150764954082	0.06717184801637	-0.09842693441652095	63	99	214	376	121
IRF2	c2	-1.0866292557396866	0.23073614596411182	-0.04825655636470216	122	74	165	361	122
MEOX1	c1	-3.74656005986281	-0.004917532184495741	0.10838397016623347	207	120	44	371	122
TBX2	c3	2.5363088546414123	0.06717184801637	-0.07914043616010247	72	101	204	377	122
ERF	c2	-0.7124942058798156	0.16262787913039128	-0.06876395584303374	106	82	173	361	123
TBX2	c1	-0.8809358424723415	-0.004917532184495741	0.01605765019410299	145	116	111	372	123
ZIC3	c3	4.341268147797011	-0.11853234042262446	-0.059799107529139306	40	146	192	378	123
SRF	c2	0.32509601880186345	0.5844817389741056	-4.211995870303525	77	46	238	361	124
MAFG	c1	0.6347916637979292	0.0013105014927298128	-0.049377590724809295	96	112	165	373	124
NR3C1	c3	2.4427473385147778	0.2924159556530367	-0.7840340612384686	74	62	242	378	124
RFX3	c2	-3.3493957034130712	0.26200613627379116	0.023738587363181907	192	69	101	362	125
RORA	c1	0.5193184405186342	-0.29225801863306783	0.019439180428658887	97	173	106	376	125
TP63	c3	3.5779288888548253	0.08942375271568058	-0.40719214334395204	49	91	240	380	125
JUN	c2	-3.2183490808969983	0.5962233523493466	-3.0535475919890587e-4	190	45	131	366	126
SP1	c1	0.7098133614530677	0.1788521344079674	-0.12796784174179088	93	74	209	376	126
NFIL3	c3	1.396836080421462	-0.4612519839579007	0.021776968706097577	99	183	100	382	126
MAFG	c2	-0.3790713247256606	-0.06449013546967745	-0.004378073327190535	98	134	134	366	127
RAX	c1	-4.426241697901123	-0.05357299210711707	0.14134517370102095	214	132	31	377	127
ZIC4	c3	4.808720745939866	-0.3031600354683204	-0.03720143647892549	34	173	175	382	127
E2F3	c2	-0.5178493130864027	0.9904554392774177	-2.642736105459575	102	28	237	367	128
ELF3	c1	2.4614827435828563	-0.6728605123130459	0.010905507051743868	60	205	112	377	128
E2F1	c3	-0.20508463827400203	-0.17614729621341613	0.050181161273281205	158	155	71	384	128
ZBTB7A	c2	0.7797872929384219	-0.5508673905607808	0.009066812125331225	62	186	120	368	129
TBR1	c1	-1.5508103440220187	-0.004917532184495741	0.03246492010908675	169	118	91	378	129
ERF	c3	-1.3729937173737146	-0.0899787424560733	0.058563415931670804	180	141	65	386	129
HSF4	c2	0.23159489817129986	-1.2975357294897312	0.04805961378771251	80	217	72	369	130
NOTO	c1	-3.023742029542485	-0.004917532184495741	0.07077073942694057	199	119	62	380	130
HNF4G	c3	1.6383988573368253	0.01208069465302261	-0.038337525483623125	95	114	177	386	130
CREB1	c2	-1.3079652953658996	0.041200604318290285	-0.010785801445321042	129	103	138	370	131
OLIG2	c1	0.06651401761917608	-0.03781886780542148	-0.026868294371245938	111	128	141	380	131
PAX9	c3	1.0247153482003248	0.9929780487815789	-1.16695216642875	115	27	245	387	131
TCF3	c2	-7.510253510211522	1.7164853860848748	0.0061839673328858424	233	16	123	372	132
HOXD12	c1	-0.05120507713481953	0.7897401071960994	-0.5003850386503181	115	29	236	380	132
ERG	c3	-1.8899154232500956	0.5163722577643487	-0.022932324561802275	188	46	155	389	132
TCF7L2	c2	-1.5722800862748942	0.460107629079461	-0.08249479644373103	141	53	179	373	133
MNT	c1	0.025443228287168246	-0.24005317938250273	0.024303194659353267	114	167	102	383	133
TFAP2A	c3	0.6770762461853448	0.09566053372529305	-0.03455737390073388	127	90	173	390	133
FLI1	c2	-0.18924458278328193	-0.08375827430998319	-0.00834586438485907	92	145	137	374	134
GCM2	c1	-0.48342341303736613	-0.5328002861934621	0.06887485350084255	130	190	64	384	134
TBX20	c3	1.2206259343274304	0.17062829595710938	-0.09002142867049834	107	76	207	390	134
CLOCK	c2	-1.0927345897694338	0.11663047873378636	-0.04981175438874885	123	88	166	377	135
ZIC1	c1	-3.869628625757221	0.06746106559925025	0.059243671151818944	210	100	74	384	135
MYBL1	c3	-0.5911072955514529	3.0271004420045724	-0.13046503509736596	166	5	223	394	135
HES7	c2	-2.154614275136535	-0.1041805647861476	0.05213743682812577	166	149	64	379	136
POU6F1	c1	-1.2278355905601535	1.2180192957442377	-0.11515379981865514	160	19	205	384	136
SRF	c3	-4.728463903463376e-4	-3.5383859368411925	1.9816243777664546	150	243	2	395	136
HNF4G	c2	-2.5884690799077044	-0.004070748111931947	0.036563858713922315	180	113	86	379	137
DMRT3	c1	-1.9483585299962254	-0.22667060816058407	0.11675520207302448	180	163	42	385	137
GATA2	c3	3.461369880145731	-0.19935534429917653	-0.044044006703202854	52	161	184	397	137
PKNOX2	c2	-7.2077692588944915	-0.004165844091973345	0.09072606298629182	231	115	37	383	138
TFAP2C	c1	-1.5357695970621934	0.11354363564851852	-0.016091763039618456	168	86	131	385	138
JUND	c3	-3.284487995973441	0.2233220441250848	0.008213842578458141	214	69	120	403	138
USF2	c2	-5.377310997611796	0.761438023051292	0.004011018052656468	219	40	125	384	139
POU3F1	c1	0.3384653192610336	-0.3785026408469977	0.01847235935648328	103	177	107	387	139
HNF1A	c3	1.5533473489216596	0.05942151449316372	-0.07861971515933242	98	103	203	404	139
MAX	c2	-1.4762735906402487	0.048425438607301426	-0.02844440130729886	136	100	150	386	140
KLF16	c1	2.054069686574404	-0.25291721282055096	-0.03627676409919367	66	170	152	388	140
SP8	c3	-5.225785093423183	1.2445870067689018	-0.021626178331565882	236	19	151	406	140
SOX8	c2	-1.0010745420845373	0.010979863116753015	-0.04328917372269636	117	109	160	386	141
TBX20	c1	0.821110645877793	-0.815726791702643	0.03509774476128591	87	212	90	389	141
ZBTB7C	c3	-0.798104813015128	0.6338572129059168	-0.0648342769482948	169	42	196	407	141
JUND	c2	2.6693442367077855	-1.7264275952681498	-6.235616226479834e-4	27	228	132	387	142
TGIF1	c1	-6.481696407513013	-0.13176202807382914	0.7075550874506114	232	153	7	392	142
TBX21	c3	1.2653343765351535	0.031787226473896056	-0.0623762891864903	104	110	194	408	142
OLIG1	c2	-0.16563686055843774	0.1395496263326008	-0.22813881868054864	91	85	212	388	143
FOXB1	c1	-5.8809655981991895	0.08565035548988262	0.05999525057023014	228	92	73	393	143
KLF14	c3	-5.948486432879608	1.1489380457208884	-0.01980519619366561	239	23	148	410	143
RFX5	c2	-3.8757091725110735	7.313372401746554	-0.10793626819396707	201	1	188	390	144
HOXC12	c1	1.3143196083544828	0.1738659707007259	-0.5607205543834137	81	75	238	394	144
MNT	c3	1.845351170795652	-0.19710299702879758	-0.030177450474516476	88	159	164	411	144
BHLHE22	c2	-0.34749868734215117	-1.2979438247021438	0.04372017244946136	97	218	77	392	145
SREBF2	c1	-0.2633544480971973	0.2807137750641035	-0.1357242399503953	124	61	211	396	145
E2F4	c3	-1.091162963482747	-1.4844905206267163	0.23994041219853024	174	223	15	412	145
PAX7	c2	-1.6607300504403697	-0.05473249888940062	0.010005221517335627	144	130	118	392	146
SP4	c1	2.589676294656221	-0.2168537759862959	-0.06559068875143126	54	161	182	397	146
ZNF263	c3	0.2520196073763184	0.020957403419309895	-0.029636642488664933	140	111	163	414	146
MLXIPL	c2	-1.4877552148636575	-0.9624344823439738	0.07173649576816388	138	211	48	397	147
PAX1	c1	-1.2536298028434651	-0.12820867683617773	0.03655647539470053	161	152	87	400	147
CTCF	c3	-0.2878242403157767	-0.5278385613474118	0.059021165932534814	161	191	64	416	147
DBP	c2	-0.8961492733852088	0.25311549621239643	-0.24800849333094277	114	70	216	400	148
MLX	c1	3.0317045398847537	-0.6047989237732713	-0.046185277547836634	44	197	161	402	148
GLI2	c3	0.02754409249454612	0.940502541558791	-0.22928991270117294	148	33	235	416	148
OTX2	c1	-1.6371201666110762	-0.441221168223022	0.10631564277609051	172	183	48	403	149
OLIG2	c2	-1.1333665829566177	-0.053981978251808976	-0.03207914974087345	124	128	154	406	149
NR2C2	c3	1.2361153686980082	-0.1502901845364631	-0.026250169460357853	106	151	160	417	149
SCRT1	c1	-2.187635814793388	0.18124425121964716	-0.031545189135400165	184	73	146	403	150
HLF	c2	-0.4533751985942016	0.03552973336848462	-0.16672352569593407	101	104	204	409	150
PAX5	c3	0.5644860915685491	-0.18253611450809487	-0.0048345927274944245	128	156	134	418	150
POU3F3	c1	-0.5017013908290633	-0.6027250907733013	0.05591501833458956	132	196	77	405	151
MEIS1	c2	-3.1459474436406034	0.09296136466334791	1.412725275447002e-4	188	93	130	411	151
HSF4	c3	-0.46566412992586936	1.0817166764574526	-0.16815132478283168	164	25	229	418	151
YY1	c1	4.245679455694166	-0.7700770133419249	-0.04687039721957831	34	208	163	405	152
HOXA13	c2	0.23974788158530833	-0.004165844091973345	-0.2685789105397074	79	114	220	413	152
NFYA	c3	0.46497347854175364	-0.6213700061478651	0.030442138488904646	135	197	88	420	152
RXRG	c1	1.3987967734364675	-0.05192272830834669	-0.09002931680398518	78	131	199	408	153
HOXC13	c2	-1.5027164685003094	0.04614922612096367	-0.06677739228692126	140	102	172	414	153
GCM2	c3	-0.53347297273985	0.9893728807717699	-0.15116191166338133	165	28	227	420	153
DBP	c1	-1.2795915807245375	-1.7841131126231489	0.5035508496790158	163	237	10	410	154
FOXC1	c2	-2.303326488967536	0.35110789447522905	-0.10004334566585626	172	58	184	414	154
HSF2	c3	-1.0954402007646928	1.1723991843446788	-0.14076075653562725	176	22	225	423	154
BHLHE23	c1	-1.0704653552835581	0.6156894564105729	-0.17423579989028148	153	37	222	412	155
ERG	c2	-0.22134271220669458	-0.6687982813578134	3.958101879710796e-4	93	197	129	419	155
NRF1	c3	-2.3982045186983223	0.07075669147088137	8.513083539707367e-4	199	96	129	424	155
HOXB3	c1	-5.190508199253579	-0.08995207878837072	0.10653621886248743	221	146	47	414	156
ZIC1	c2	-4.462003079318218	0.21960124691537666	-0.00784388053319418	207	76	136	419	156
EGR4	c3	-3.757134381125455	0.05136212205967022	0.021062595561181396	218	105	102	425	156
FOXP1	c1	-3.7145952314232082	-0.04933366247330985	0.04707287399359039	206	130	79	415	157
ZEB1	c2	-0.822597055505969	-1.8597232442106741	0.042151986296813604	111	229	80	420	157
HNF1B	c3	1.2171248888210229	0.06717184801637	-0.1266091863632326	108	102	221	431	157
USF1	c1	2.471946626662234	-0.08006950933512846	-0.15926043885186836	59	141	218	418	158
INSM1	c2	-1.4812441585977698	-1.5231718626615494	0.04872920464947228	137	223	68	428	158
LEF1	c3	-1.0716886307026858	-0.6922182902934111	0.07296602407833497	173	201	58	432	158
CEBPD	c1	-2.236317289501967	-0.06415669006097442	0.026825723988650907	185	136	98	419	159
FOXA1	c2	-5.0258641911805935	0.2961644977860222	-0.02905841823104005	215	63	151	429	159
MEF2A	c3	-1.7597886460994077	0.3424490343503576	-0.05841315128098579	186	57	190	433	159
HES7	c1	-0.5008999565917132	0.2141638294118346	-0.15662599396112498	131	71	217	419	160
TFAP4	c2	-8.089706113807434	-0.16262821006610897	0.08665884309666083	234	156	41	431	160
HOXC12	c3	0.014205962453095022	-0.4659276402351107	0.02093914352553483	149	185	103	437	160
GLIS2	c1	-1.7704885556214793	-0.3874384244040274	0.06681340636013644	176	178	66	420	161
NR2F1	c2	-2.261499141223922	-1.664033219880956	0.09219577299280246	170	226	36	432	161
ETV4	c3	-2.995967956523379	0.27921418217683136	-0.03178569757871408	208	64	168	440	161
SP3	c1	2.6067989527333277	-0.9904279053600319	-0.036836163023101776	53	217	154	424	162
FEV	c2	0.5258000539859409	-1.425298282445347	-0.011737095397643671	71	222	139	432	162
PAX7	c3	1.8825444974202314	-0.013201069900739168	-0.18646051525319152	87	124	232	443	162
MZF1	c1	-4.668415402405238	0.11338713511881457	-0.0028419772925083464	215	87	124	426	163
FOXC2	c2	-3.1894258051232667	0.267149668410501	-0.0840051780196589	189	68	181	438	163
PROX1	c3	-0.6995808194957654	0.49990166623893845	-0.15803437524789032	168	49	228	445	163
KLF13	c1	0.8076399527995504	-0.08918801720803038	-0.08539870301238928	89	145	195	429	164
TGIF1	c2	-5.482810178023709	2.5885858750753474	-0.21424587711797116	221	8	209	438	164
YY1	c3	-3.808155404847807	0.5025555037434387	-0.04102709095258561	221	48	181	450	164
EN2	c1	-2.5436640386190743	5.460310904550245e-4	-0.0031919017242163505	193	113	125	431	165
TCF4	c2	-4.982678037053211	-0.02294120332853616	0.014593678145480737	214	118	110	442	165
CEBPD	c3	-0.40831391049254756	0.12829802344840596	-0.08603990768698111	162	83	206	451	165
FOXC2	c1	-7.9428139764536585	-0.07776853109472302	0.08040993422221199	238	140	55	433	166
RFX4	c2	-2.863801918305768	0.10164614206039778	-0.056597526147740496	184	91	168	443	166
SP4	c3	-3.4139048338506903	0.8205951901098864	-0.07487724879909408	215	37	201	453	166
USF2	c1	1.4529038955100866	-0.1054255109535894	-0.13531987771961163	76	150	210	436	167
TBX19	c2	-2.540800151728172	0.8800717818682671	-0.5643083512749136	176	33	234	443	167
POU3F3	c3	-5.667732668375004	4.41569812113039	-0.11098556018836447	237	2	217	456	167
ESR2	c1	-3.971667333152209	-0.5951979777748012	0.13423699794115507	212	195	35	442	168
ZBTB18	c2	-6.962161936054852	0.7861587915158068	-0.07747522863297363	228	39	177	444	168
OTX2	c3	1.61668742837063	-0.320324108470329	-0.05092683237807982	96	176	186	458	168
ZIC3	c1	-3.8919037960160665	-0.15666794181793536	0.04664821731564395	211	155	80	446	169
PAX5	c2	-1.4201999962578993	-2.3210330817006457	0.03777813003598496	134	233	83	450	169
MLX	c3	-0.26152554596050825	-0.11942107298596784	-0.022158124481340025	159	147	153	459	169
CEBPB	c1	-2.4254457900416053	-1.3534841657650243	0.14559124519761824	189	231	29	449	170
ONECUT2	c2	-4.364804496814353	-4.455682688800473	0.2531817887040546	206	238	8	452	170
TGIF1	c3	7.211508421897568	-2.0068276449692535	-0.09186106136319516	18	233	209	460	170
KLF14	c1	2.8513751568328725	-0.5743569081538401	-0.1197042757704807	49	193	207	449	171
PROX1	c2	1.030513038511761	-2.1528596913414897	-0.05043132447114118	53	232	167	452	171
ELF4	c3	-3.4670496294704116	-0.028547852355002946	0.010040738926157644	217	128	116	461	171
ZNF143	c1	-1.6859557272823837	0.4073900805605941	-0.206369293458593	175	48	226	449	172
MAFK	c2	-3.0569561689974813	-0.5401586325329282	0.03658889843643287	186	185	85	456	172
BCL6B	c3	1.778028031278049	-0.05444281798350402	-0.20800951203360885	92	136	234	462	172
ZIC4	c1	-3.5259805010713117	-0.1606669526233109	0.03070567528617474	204	156	93	453	173
SNAI2	c2	-11.226796021704567	0.09295397000151093	0.004903586036757446	238	94	124	456	173
ETV5	c3	-2.1384272177801775	-0.22362921098935656	0.016331110217665312	192	165	107	464	173
HOXD13	c1	-0.8143158475207459	-1.3119160227942956	0.0447813997232096	142	230	82	454	174
LEF1	c2	-1.8907806432042458	0.03467449470131693	-0.12747552249862615	158	105	194	457	174
ZNF143	c3	0.8885282571782405	-0.2645494683430765	-0.03589034255569601	120	170	174	464	174
TEAD1	c1	6.06331376233092	-1.4882441799698094	-0.12110257232024502	13	233	208	454	175
MYBL1	c2	0.15910085375982694	-1.3990666715402253	-0.03328495307930446	83	221	155	459	175
IRF2	c3	-1.4817776463394048	-1.4166689507798929	0.06765429122615174	182	222	61	465	175
NFIL3	c1	-2.4501419091048544	-0.8848787694399082	0.10013023692784095	190	215	50	455	176
DUX4	c2	-1.3095026761819044	-0.07182082767042	-0.14810472610701986	130	137	196	463	176
SREBF2	c3	0.985834590417231	-1.9707589947233783	0.003765212434821308	116	232	124	472	176
SNAI2	c1	-8.839099566757044	0.8359854455893135	-0.0810367543830246	241	26	192	459	177
FOXF2	c2	-2.2592222551713936	0.010979863116753015	-0.10235532902614608	169	110	186	465	177
SP2	c3	-2.165195004932543	0.016405359800129336	-0.030637187432407842	194	113	165	472	177
SP8	c1	2.981863289259077	-1.2262656734838053	-0.075538051200299	46	226	188	460	178
TP73	c2	-5.468768273384405	-2.377420349308874	0.18637478733657709	220	234	12	466	178
NFATC3	c3	-1.2169105052942093	0.16451520666807717	-0.11114619312978569	178	77	218	473	178
HINFP	c1	1.5794828082330008	-0.31717317605237666	-0.1453642950300651	73	174	213	460	179
ALX3	c2	-5.338255504727303	0.5491240151877954	-0.17186040104265388	218	47	206	471	179
ZBTB33	c3	-2.1518868734473036	-0.17034177459047117	-0.0012988373975257872	193	154	130	477	179
TCF3	c1	-9.59220388326847	0.12947944671560166	-0.020348783438290496	243	83	136	462	180
CDX2	c2	-0.8076035863558856	-0.2134811970308053	-0.16450507417535398	110	161	203	474	180
EGR2	c3	-5.779761868401044	-0.01166605791881999	0.00844572400405319	238	122	119	479	180
ZNF263	c1	-0.09573469750636401	-1.0226040997884964	-0.004349636574234594	117	220	126	463	181
MZF1	c2	-3.060329786052582	-1.527106308992832	0.05144534513247301	187	224	65	476	181
FLI1	c3	-1.8687601722089118	-0.11079617103896051	-0.02112751203575769	187	145	150	482	181
TP53	c1	-2.098053015251002	0.5759435046063216	-0.6936135937006416	183	40	241	464	182
BARHL2	c2	-2.5413361989266003	0.13729365492688467	-0.2333860512068604	177	86	213	476	182
ELK4	c3	-2.2132188411882705	-0.6214803810046321	0.030346865126739786	196	198	89	483	182
HLF	c1	-1.9432512156069603	-0.23142447495921742	5.758046630877089e-4	179	164	122	465	183
ONECUT3	c2	-3.784205855315789	-0.55427323712798	0.032293893824125064	200	187	90	477	183
POU3F1	c3	-6.996500940032117	0.9753590936146209	-0.09318381364398576	242	30	211	483	183
TFAP4	c1	-3.8457877956687074	-0.4776601336066051	0.0561602717874603	208	185	76	469	184
BATF3	c2	-3.5568044567350943	-0.2096032668839113	0.006536114348463684	198	160	122	480	184
TCF7L2	c3	-2.7957332490536544	-0.7198437855203255	0.042492420537902476	207	202	76	485	184
PAX3	c1	-2.5354516284620985	-0.8180946294883656	0.06606819133730113	192	213	67	472	185
HOXD13	c2	-0.23500755867451695	-0.8269690648188415	-0.08857468085142806	94	204	183	481	185
CREB3L1	c3	0.7796127250540974	-0.031159675634492165	-0.16960277308875504	125	130	230	485	185
FOXF2	c1	-7.138091270941327	0.004988838982359337	-0.010372650131058592	235	111	128	474	186
FIGLA	c2	-5.2595827448787595	-0.21647091112724978	0.01689832689931592	217	162	107	486	186
MYBL2	c3	-0.004318741973820872	-0.4114949195059378	-0.024360325937667682	152	181	157	490	186
TP73	c1	-2.7624129447744914	0.15901225254370485	-0.0947644894665629	197	77	200	474	187
ZNF410	c2	1.605596100212257	-0.9061666342410838	-1.0750485829658567	46	206	235	487	187
MEF2B	c3	-2.204773037422033	0.03850547413164242	-0.054655118748987874	195	108	187	490	187
NR2F1	c1	2.0108454376584044	-1.6525165935892856	-0.06181252346448041	67	235	178	480	188
HEY1	c2	-1.6659237924659336	-1.1459646170940605	0.0021206295506512873	145	215	128	488	188
KLF13	c3	-2.5946307281923042	-0.046570483540694096	-0.024391780645263594	202	133	158	493	188
ATF4	c1	-1.0433341777945624	-1.8931144133693785	0.032357728102722305	152	238	92	482	189
HEY2	c2	-2.0900709456889306	-1.6413885048201726	0.020157931071581814	163	225	103	491	189
SOX21	c3	1.8169906453249138	-0.19712035601977546	-1.4212750503674432	89	160	246	495	189
HSF2	c1	1.1092613816435846	-1.1562532579243876	-0.05750314983032645	84	224	174	482	190
MIXL1	c2	-4.691175740010546	0.23883929709278542	-0.21954570274313667	210	71	210	491	190
ZBTB7A	c3	-1.0920339735926317	-0.4766713082103282	-0.005848854395875236	175	186	135	496	190
RFX4	c1	-1.0296525751744987	0.05855271849152187	-0.25285118908323234	151	101	231	483	191
DMRT3	c2	-1.1992547483208036	-0.1297386896315945	-0.23496717060199934	127	152	214	493	191
ELF5	c3	-3.260824944582941	0.04468204073642274	-0.038344948685431035	212	107	178	497	191
E2F1	c1	0.8187956195379948	-2.088729489371338	-0.0376292907226663	88	241	156	485	192
NRL	c2	-3.36420984992102	-0.8410403656037387	0.028608303141577807	193	205	96	494	192
SP3	c3	-4.664455643705038	0.10640069445955118	-0.03933892650578308	232	87	179	498	192
BHLHE22	c1	-0.46899991658637485	-0.7075502521230135	-0.03674582415220229	129	206	153	488	193
CUX1	c2	-1.9255217160280087	-0.10252240705384688	-0.1158555010995439	159	148	189	496	193
CEBPE	c3	-0.6524738011224381	-0.011205171580583793	-0.09411538449267631	167	121	212	500	193
INSM1	c1	-0.10122682546772929	-1.2604258044626186	-0.02828795049389221	118	229	142	489	194
GBX1	c2	-2.070902980224318	0.026018359329721172	-0.33171569347841867	162	107	228	497	194
FOSL1	c3	-4.065502641997865	-0.5229586034531485	0.029511942031080096	224	190	90	504	194
NFYB	c1	2.880947666413382	-0.8556930513272591	-0.2190290290017245	48	214	228	490	195
BHLHE23	c2	-0.09937044252748284	-0.3667929340159584	-0.4020295735115642	89	178	232	499	195
JUNB	c3	-4.181395372850357	-0.9508845061949519	0.0473260462554741	225	207	73	505	195
LMX1B	c1	-1.7822326091501024	0.08422653625993277	-0.1657165358405166	177	95	219	491	196
NHLH1	c2	-9.796611566197019	-1.028952712467245	0.063842989945182893	237	213	52	502	196
NR3C2	c3	2.1515274285014074	-0.4656454489992107	-1.042154272391711	79	184	243	506	196
OLIG1	c1	-0.3915333849171829	-0.06096808946305567	-0.22914592929672395	126	135	230	491	197
PHOX2A	c2	-4.07196259430747	0.007343624875138066	-0.11701383317800662	205	111	190	506	197
NFKB1	c3	-4.473808778181329	-1.136824289497972	0.055579136514001704	227	214	69	510	197
BCL6B	c1	-0.7353108216562715	0.012496464691314055	-2.7695389587043455	141	107	244	492	198
TFAP2B	c3	-0.0031008789536019488	-2.337820542582511	0.0038813081994959475	151	236	123	510	198
FOXP2	c2	-3.9661862365750213	-0.09318976010386344	-0.043944618960411574	202	147	161	510	198
PKNOX2	c1	-5.50604715796881	-0.004917532184495741	-0.031820115365333024	225	122	148	495	199
EN2	c2	-1.726510029812666	-0.29788793797111085	-0.12448885930209208	149	170	192	511	199
SREBF1	c3	0.11238703879743975	-3.7724397813843153	-0.004341726587185235	145	245	133	523	199
GATA2	c1	-3.8642097296324485	0.05842850869108536	-0.07356150120287275	209	102	187	498	200
MSC	c2	-8.378208942852062	0.03358446495221698	-0.06503219235669455	235	106	171	512	200
POU3F2	c3	-7.992611254962661	0.1354798730140068	-0.07270095242602892	244	81	199	524	200
CLOCK	c1	-2.257713792482756	-0.7286361036611287	0.020516625384043863	187	207	105	499	201
LHX6	c2	-1.4413591964288002	-0.3287664899351551	-0.22026500260337833	135	172	211	518	201
MLXIPL	c3	0.3975322898462165	-0.4365546338290847	-0.09128589408170384	136	182	208	526	201
LHX2	c1	-3.2639484395295835	-0.9043073931379715	0.042964894108942886	201	216	84	501	202
NOTO	c2	-1.7311396949311417	-0.07182082767042	-0.37404457357644105	150	138	231	519	202
BHLHE40	c3	0.5267377901506866	-1.1105701687032432	-0.050901694050745405	130	213	185	528	202
POU2F1	c1	0.0720077750774184	-1.02726156429702	-0.05348669880381607	110	221	170	501	203
HES5	c2	-2.386781096282337	-0.042043296281112516	-0.3233411696461115	173	122	227	522	203
RXRB	c3	0.5607324338738486	-0.32678841399197384	-0.12834849496128875	129	177	222	528	203
HOXC11	c1	0.5075201780702436	-0.23628022788202505	-0.5582089336419198	99	165	237	501	204
NR4A2	c2	-3.459548066226584	-0.5628207023387674	-0.013055007744116054	196	188	140	524	204
TFCP2	c3	-2.1086837314815554	-0.36223436500428513	-0.02671608699553296	191	178	161	530	204
ALX3	c1	-5.104198973293423	-1.250164820277264	0.0812135913391483	220	228	54	502	205
FOXD2	c2	-4.00612211954994	-0.04646524167708884	-0.16019257251026708	203	125	199	527	205
POU2F1	c3	-8.658598870741775	0.18119259209559818	-0.09189269346771667	245	75	210	530	205
NR4A2	c1	-0.9885306244313886	-0.4120802602237092	-0.055562192962932855	150	180	172	502	206
PPARG	c3	1.1891365180686866	-0.4866292142526031	-0.18851020311308275	110	187	233	530	206
FOXB1	c2	-4.624816058575316	-0.22314352104572963	-0.04235477174681712	209	163	159	531	206
LBX2	c1	-4.715734844231342	-1.672201067253292	0.08531311198499658	217	236	52	505	207
TFAP2C	c3	0.18453651398687357	-0.9725660127232522	-0.03976315473076042	143	208	180	531	207
MEOX1	c2	-1.9972247230659783	-0.07182082767042	-0.4093936584797362	161	139	233	533	207
SOX4	c1	-1.2785018958838186	-1.6119810094128422	0.016826371619830027	162	234	110	506	208
RARA	c3	-0.802327898120877	-0.21052489133987043	-0.06728991158029451	170	163	198	531	208
TEF	c2	-0.8474956084783842	-0.6596605429085978	-0.35717785124559853	112	196	229	537	208
HEY2	c1	0.08100085742823843	-0.6685720069888981	-0.08269179384819125	109	204	193	506	209
ELK3	c3	-2.7760505577892234	-0.5085713851413566	-0.006944136816960267	205	189	138	532	209
PAX3	c2	-2.7160709961808722	-0.6240187431287315	-0.04658475084583458	182	193	163	538	209
ZBTB33	c1	3.2735524639248457	-1.9507284693418478	-0.21428160891262316	41	240	227	508	210
ELK1	c3	-3.420224017049537	-0.26247978658651305	-0.020655888665707778	216	169	149	534	210
EVX2	c2	-1.8112084260583288	-0.35292950760127073	-0.20551437662236793	154	176	208	538	210
NR3C1	c1	-2.2494938687267765	0.13972774699680382	-1.1329902214169518	186	80	242	508	211
GLIS1	c3	-0.27592969338043627	-0.031518503299614475	-1.7431369393569975	160	131	247	538	211
POU6F1	c2	-4.935786015406643	-0.06164574351969548	-0.13100019695093224	213	133	195	541	211
BARHL2	c1	-1.6180355759473342	-0.014991740821368296	-0.14712321289446173	171	124	214	509	212
SPIB	c3	-1.3301290738309466	-3.6108161896918354	0.008900629121386672	179	244	118	541	212
LMX1B	c2	-3.69845741991549	-0.07182082767042	-0.16162220087853463	199	142	201	542	212
CEBPA	c1	-0.8670673826525845	-0.6096711973277342	-0.051723332262012534	144	198	168	510	213
BHLHE41	c3	-0.16979827880729909	-3.1426252825464798	-0.015568173040103161	156	242	145	543	213
NFIA	c2	-7.060484737634522	-0.3351573656539233	-0.0167862191296706	230	174	143	547	213
FIGLA	c1	-6.851746421305604	-0.06696615735250466	-0.02934208799839233	233	138	144	515	214
EGR1	c3	-3.0730210971990997	-2.356899837291679	0.02112847579564381	210	237	101	548	214
POU4F2	c2	-2.4326538695259843	-0.2777206442980815	-0.17046429529399276	174	169	205	548	214
HOXC13	c1	-1.2056935097453136	-0.09891088390621768	-0.13920123425422304	159	149	212	520	215
FOS	c3	-4.026170149348362	-0.6392309882528558	0.0025790367615954324	223	199	127	549	215
CUX2	c2	-2.1496457032303153	-0.9522362053879448	-0.08039549499246945	165	209	178	552	215
ZEB1	c1	-7.231193632757178	0.08096595621333158	-0.07627992618822965	236	97	189	522	216
ETV6	c3	-3.0946184808977435	-0.6534058458576	-0.006957360099962173	211	200	139	550	216
PAX1	c2	-1.8327790447616823	-0.36623286062943006	-0.27154226730381126	156	177	221	554	216
TFAP2B	c1	-1.1794177807527333	-0.6516174908714268	-0.050703119581744005	156	202	167	525	217
ETV3	c3	-1.6344553311198615	-0.8767594884909903	-0.029283724395181565	183	206	162	551	217
E2F7	c2	-0.994623709690204	-0.7247577256620938	-1.6689252898502582	116	202	236	554	217
POU3F2	c1	0.6501975840062492	-1.9009851196944478	-0.08286296166108009	95	239	194	528	218
XBP1	c3	-0.07619382190906368	-1.0020986834585337	-0.0596402832121381	153	209	191	553	218
TP63	c2	-3.436134260038675	-0.26433287911492886	-0.1524082996418592	194	166	197	557	218
MEIS1	c1	-1.6668582730420791	-0.799406317518527	-0.03158245201360188	174	210	147	531	219
CEBPA	c3	-1.1391588930909993	-2.536725163739569	-0.013975481570826176	177	238	144	559	219
RORA	c2	-3.0174264303110983	-1.929397289702153	-0.022259760405544782	185	230	145	560	219
E2F2	c1	-0.19561215816279176	-0.6300390224380878	-0.15129596089946773	119	199	215	533	220
ELF3	c3	-3.02779785054483	-0.39076233677624345	-0.032663592843041656	209	180	170	559	220
ONECUT1	c2	-4.72072625687613	-0.11358038537199731	-0.1546047964934445	211	151	198	560	220
GBX1	c1	-2.610098784946234	-0.06480328865399033	-0.11799905377744224	195	137	206	538	221
FOSL2	c3	-4.571020855158293	-2.119056767310036	0.0241818542086083	230	234	97	561	221
POU6F2	c2	-7.006012982152419	-0.06001798518196008	-0.1640828150774052	229	132	202	563	221
NRL	c1	-2.520618871763818	-0.018664993246583078	-0.17614845577548444	191	126	223	540	222
MTF1	c3	-1.0260107007394104	-0.1663735602195035	-0.3418106714749598	172	153	239	564	222
TFEB	c2	-2.5667103818626513	-2.6157690229014348	-0.029149513671960392	179	235	152	566	222
RFX3	c1	-0.24294789930912386	-1.0283482270507822	-0.09772398797785975	121	222	201	544	223
POU4F1	c2	-2.8476972722805147	-1.035307884562256	-0.05914988524615872	183	214	170	567	223
KLF16	c3	-4.4992150396992745	-0.5028414035490059	-0.02199866290238006	228	188	152	568	223
PAX9	c1	-0.43201539386931115	-0.5255589199376208	-0.21928267914313793	127	188	229	544	224
E2F8	c3	-0.9302087367496946	-0.18527888386206778	-0.5159413728463864	171	157	241	569	224
PKNOX1	c2	-5.197292487801976	-0.5639026197563562	-0.05892533181083337	216	189	169	574	224
NEUROG2	c1	-2.032573583621773	-0.5595984183707633	-0.06489976444309242	181	191	180	552	225
RREB1	c3	-3.2700610853513696	-0.27304035245381125	-0.055768154908363954	213	171	189	573	225
NFIX	c2	-6.082592633703073	-0.6833831023178066	-0.03902242050254756	223	199	157	579	225
EBF1	c1	-2.665962049652046	-0.21144318474975374	-0.08760191816148044	196	160	196	552	226
CENPB	c3	-6.1808251671726255	-0.0274181328871891	-0.08586779370055808	241	127	205	573	226
LBX2	c2	-6.172151206826625	-0.05999588823865868	-0.3076193934820921	224	131	224	579	226
RFX2	c1	-0.9781507658521791	-0.42594291510130294	-0.1962686793208288	149	182	224	555	227
TEAD4	c3	-9.2004382924903	-1.1643547750228522	0.008977760993587935	246	218	117	581	227
EMX2	c2	-1.6032433131675428	-0.9535088040346179	-0.37057099241830116	142	210	230	582	227
TBX19	c1	-1.1634064944933606	-0.24027281132470582	-0.36840973938014265	155	168	235	558	228
SP1	c3	-2.256592055990276	-1.908015754125286	-0.02285287236666278	197	230	154	581	228
NEUROG2	c2	-4.833883756348291	-1.236937154460126	-0.03715643198968621	212	216	156	584	228
ZBTB18	c1	-3.4684129659879455	-0.7744159872596932	-0.03308219309112381	202	209	149	560	229
EHF	c3	-3.8561685793514684	-0.7593298973915117	-0.026141770103457418	222	203	159	584	229
SCRT1	c2	-2.48365610168777	-1.6978327528042227	-0.1021397280173808	175	227	185	587	229
GBX2	c1	-5.0314825235699905	-0.004917532184495741	-0.16847451298753136	219	121	220	560	230
STAT1	c3	-3.80617726741234	-2.8830275088900974	0.0030377504185885584	219	241	125	585	230
E2F2	c2	-1.7646001244078116	-1.3848374394351457	-0.3083506723257745	151	220	225	596	230
PKNOX1	c1	-5.7247266902840215	-0.25718783867618616	-0.0480925198957749	227	171	164	562	231
SPI1	c3	-6.126352783700767	-0.8527058127830895	-0.011897083132971886	240	205	142	587	231
LHX2	c2	-1.7170541401315829	-2.0914535408408796	-0.27387049476345915	148	231	222	601	231
RFX5	c1	-1.613868796057688	-0.20026155441801252	-0.29246791169476083	170	159	233	562	232
PRDM1	c3	-1.6448346668243787	-2.3024850586532337	-0.03218760777993879	184	235	169	588	232
GBX2	c2	-8.39232925914731	-0.07182082767042	-0.3124085037288662	236	143	226	605	232
E2F6	c1	-3.6444648821617864	-1.1569665757929952	-0.02529277119212736	205	225	140	570	233
ZBTB7B	c3	0.21024697313430352	-1.1451612690253263	-0.1737029091220208	142	215	231	588	233
RFX2	c2	-3.451214839764288	-3.7122878245565136	-0.07231079950080854	195	236	175	606	233
CEBPG	c1	-2.0418062524498803	-1.2481011904842672	-0.05194222545452476	182	227	169	578	234
RELA	c3	-4.224225629039276	-1.175661576606695	-0.018789372879393085	226	219	147	592	234
RAX	c2	-6.655084266299478	-0.1677855371995945	-0.2799858025478983	226	157	223	606	234
POU6F2	c1	-5.721498687728291	-0.22309379898040027	-0.0797738771042642	226	162	191	579	235
CEBPB	c3	-0.43615072123497256	-1.154376917659305	-0.10414263396810597	163	216	215	594	235
MEOX2	c2	-5.760204251906205	-0.46552246999771335	-0.2539951444020936	222	181	217	620	235
FOXP2	c1	-8.201096929845004	-1.1119325887457767	-0.0017105270991102373	239	223	123	585	236
EGR3	c3	-4.560328044321398	-1.9316423475210784	-0.009795064814635879	229	231	141	601	236
MNX1	c2	-6.3016903230031875	-0.5904850821745491	-0.24257261628158844	225	192	215	632	236
MIXL1	c1	-4.816000975532476	-0.23936700264063795	-0.10952657686682699	218	166	203	587	237
MEF2C	c3	-1.6463812108430318	-0.5956893194930051	-0.14742483331189327	185	196	226	607	237
HESX1	c2	-6.947198807196855	-0.6852657650501104	-0.18850134001563035	227	200	207	634	237
NR3C2	c1	-1.8832824878587706	-0.2770027258484663	-0.6649443214683171	178	172	240	590	238
STAT3	c3	-1.9349215464424119	-2.667663156680659	-0.0422433663572761	189	239	182	610	238
HOXB3	c2	-7.332669544780752	-1.3729972895820215	-0.2603305776630851	232	219	218	669	238
JUN	c1	-1.3087829373571176	-2.6247408796545226	-0.06949059744769315	165	243	185	593	239
IRF8	c3	-4.665522909822395	-0.09600276467607621	-0.25208818965117885	233	144	237	614	239
FOXA1	c1	-9.147132283801984	-3.933007301665003	0.01803263881267192	242	244	109	595	240
RUNX3	c3	-7.548294912357331	-1.0376308679795656	-0.03280558226356867	243	210	171	624	240
NHLH1	c1	-7.117801016468899	-0.56950349294762	-0.053598263642578914	234	192	171	597	241
MEF2D	c3	-2.26961323770623	-1.862166024191963	-0.07377132295373912	198	227	200	625	241
NFIA	c1	-6.293921949098795	-0.5787907118564277	-0.05576779346422889	231	194	173	598	242
IRF7	c3	-2.492995743728441	-1.8922195115842415	-0.07742003023490973	200	229	202	631	242
SPIC	c3	-4.798779930118156	-1.5679710364361	-0.03797287289448903	234	224	176	634	243
NFIX	c1	-5.948067417695468	-0.6463050118535159	-0.19885838266388056	229	201	225	655	243
REL	c3	-3.8070560960065025	-2.691249103937453	-0.06061200497872221	220	240	193	653	244
TCF4	c1	-10.625935168802929	-1.0069703006224775	-0.10178571684227755	244	219	202	665	244
GRHL1	c3	-2.5208065513394353	-1.336837283094613	-0.248040225040711	201	221	236	658	245
NFKB2	c3	-4.660962406509347	-5.336974589288161	-0.11922313491493597	231	247	219	697	246
IRF9	c3	-4.964937989635295	-1.5915617973641778	-1.1473959876601612	235	225	244	704	247
